series_id,selected_fast_rank,a,b,c,fast_mse,refined_mse
series_01,1,3.19772768,0.335852295,0.167613685,0.00117290183,0.000701724901
series_02,0,2.45227265,0.780142069,0.638068199,0.000691336987,0.000633967691
series_03,0,3.74772716,1.20781243,-0.282386392,0.000728429062,0.000632725074
series_04,0,1.61704552,0.196803972,1.18607962,0.000660033198,0.000581364729
series_05,0,2.91818166,1.5640198,0.419886321,0.000680086261,0.000649765425
